
PID,client_IP,client_port,server_port,trans_proto,time
1984,UNKNOWN,UNKNOWN,80,tcp,Wed-Dec--1-10:43:11-2021
2002,UNKNOWN,UNKNOWN,21,tcp,Wed-Dec--1-10:43:24-2021
1994,UNKNOWN,UNKNOWN,13,tcp,Wed-Dec--1-10:43:24-2021
1993,UNKNOWN,UNKNOWN,25,tcp,Wed-Dec--1-10:43:24-2021
1997,UNKNOWN,UNKNOWN,23,tcp,Wed-Dec--1-10:43:24-2021
1991,UNKNOWN,UNKNOWN,8080,tcp,Wed-Dec--1-10:43:24-2021
1995,UNKNOWN,UNKNOWN,143,tcp,Wed-Dec--1-10:43:24-2021
2005,UNKNOWN,UNKNOWN,587,tcp,Wed-Dec--1-10:43:24-2021
2000,UNKNOWN,UNKNOWN,993,tcp,Wed-Dec--1-10:43:24-2021
1998,UNKNOWN,UNKNOWN,9999,tcp,Wed-Dec--1-10:43:24-2021
1996,UNKNOWN,UNKNOWN,179,tcp,Wed-Dec--1-10:43:24-2021
2001,UNKNOWN,UNKNOWN,81,tcp,Wed-Dec--1-10:43:24-2021
2004,UNKNOWN,UNKNOWN,992,tcp,Wed-Dec--1-10:43:24-2021
1992,UNKNOWN,UNKNOWN,7,tcp,Wed-Dec--1-10:43:24-2021
1999,UNKNOWN,UNKNOWN,80,tcp,Wed-Dec--1-10:43:24-2021
2008,UNKNOWN,UNKNOWN,2525,tcp,Wed-Dec--1-10:43:24-2021
2007,UNKNOWN,UNKNOWN,2323,tcp,Wed-Dec--1-10:43:24-2021
2006,UNKNOWN,UNKNOWN,465,tcp,Wed-Dec--1-10:43:24-2021
2003,UNKNOWN,UNKNOWN,20,tcp,Wed-Dec--1-10:43:24-2021
1990,UNKNOWN,UNKNOWN,110,tcp,Wed-Dec--1-10:43:24-2021
1989,UNKNOWN,UNKNOWN,995,tcp,Wed-Dec--1-10:43:24-2021
2089,192.168.218.2,47094,80,tcp,Wed-Dec--1-10:44:18-2021
PID,client_IP,client_port,server_port,trans_proto,time
PID,client_IP,client_port,server_port,trans_proto,time
1932,192.168.218.2,47096,80,tcp,Wed-Dec--1-10:56:32-2021
1933,192.168.218.2,47098,80,tcp,Wed-Dec--1-10:56:34-2021
PID,client_IP,client_port,server_port,trans_proto,time
1991,192.168.218.2,47100,80,tcp,Wed-Dec--1-10:58:32-2021
1994,192.168.218.2,47102,80,tcp,Wed-Dec--1-10:58:33-2021
PID,client_IP,client_port,server_port,trans_proto,time
2051,192.168.218.2,47114,80,tcp,Wed-Dec--1-10:58:56-2021
2052,192.168.218.2,47116,80,tcp,Wed-Dec--1-10:59:01-2021
PID,client_IP,client_port,server_port,trans_proto,time